Name,Email,Id
Nigel Strickland,quam@Donecfeugiatmetus.com,1
Dante White,nec.diam.Duis@ligulaAliquamerat.com,2
Xena Terry,ipsum.nunc@acfermentum.co.uk,3
Odette Livingston,magna.Phasellus.dolor@Quisquefringilla.ca,4
Quamar Martin,ornare@consectetueradipiscing.ca,5
Slade Sullivan,nec.quam.Curabitur@nullaInteger.net,6
Evelyn Payne,lobortis.tellus@egettincidunt.co.uk,7
Illiana Carney,Suspendisse.aliquet.sem@magnaLorem.net,8
Carla Berger,est.tempor@malesuada.org,9
Bethany Valencia,fringilla.euismod.enim@sagittis.org,10
Rebecca Middleton,non.quam.Pellentesque@lectus.com,11
Forrest Saunders,sed.hendrerit.a@leoVivamus.edu,12
Silas Lawrence,quam@odio.co.uk,13
Aquila Neal,faucibus@velit.net,14
Nevada Church,eget@enimCurabiturmassa.net,15
Ivory Byrd,sem.Pellentesque@duinectempus.edu,16
Iliana Bowers,non.magna@sedpede.net,17
Xanthus Barker,magna.nec.quam@egetmetus.co.uk,18
Elaine Peters,lectus.sit@ultriciesdignissimlacus.edu,19
Uma Greer,aliquet.odio@cursusIntegermollis.edu,20
Brynn Daniel,Donec.dignissim@arcuiaculisenim.co.uk,21
Mira Morin,mauris@ipsumCurabiturconsequat.com,22
Cailin Sharpe,risus.varius.orci@morbitristiquesenectus.co.uk,23
Yasir Hill,aliquam@ante.edu,24
Jocelyn Goff,sollicitudin.adipiscing.ligula@CuraeDonectincidunt.com,25
Savannah Finch,vel.est.tempor@dictumauguemalesuada.co.uk,26
Rudyard Ingram,interdum.feugiat@Sedeueros.com,27
Yasir Thomas,tincidunt.orci.quis@nonlorem.org,28
Brock Hogan,senectus@odiotristique.net,29
Logan Winters,laoreet.libero.et@venenatislacus.ca,30
